,mfcc_0_mean,mfcc_1_mean,mfcc_2_mean,mfcc_3_mean,mfcc_4_mean,mfcc_5_mean,mfcc_6_mean,mfcc_7_mean,mfcc_8_mean,mfcc_9_mean,mfcc_10_mean,mfcc_11_mean,energy_mean,dmfcc_0_mean,dmfcc_1_mean,dmfcc_2_mean,dmfcc_3_mean,dmfcc_4_mean,dmfcc_5_mean,dmfcc_6_mean,dmfcc_7_mean,dmfcc_8_mean,dmfcc_9_mean,dmfcc_10_mean,dmfcc_11_mean,denergy_mean,ddmfcc_0_mean,ddmfcc_1_mean,ddmfcc_2_mean,ddmfcc_3_mean,ddmfcc_4_mean,ddmfcc_5_mean,ddmfcc_6_mean,ddmfcc_7_mean,ddmfcc_8_mean,ddmfcc_9_mean,ddmfcc_10_mean,ddmfcc_11_mean,ddenergy_mean,mfcc_0_std,mfcc_1_std,mfcc_2_std,mfcc_3_std,mfcc_4_std,mfcc_5_std,mfcc_6_std,mfcc_7_std,mfcc_8_std,mfcc_9_std,mfcc_10_std,mfcc_11_std,energy_std,dmfcc_0_std,dmfcc_1_std,dmfcc_2_std,dmfcc_3_std,dmfcc_4_std,dmfcc_5_std,dmfcc_6_std,dmfcc_7_std,dmfcc_8_std,dmfcc_9_std,dmfcc_10_std,dmfcc_11_std,denergy_std,ddmfcc_0_std,ddmfcc_1_std,ddmfcc_2_std,ddmfcc_3_std,ddmfcc_4_std,ddmfcc_5_std,ddmfcc_6_std,ddmfcc_7_std,ddmfcc_8_std,ddmfcc_9_std,ddmfcc_10_std,ddmfcc_11_std,ddenergy_std,target,key
0,-231.1063859062938,120.71167242793709,-9.75338155455833,33.657307947675854,-15.635953789358728,-10.569095769417403,-2.123841418680405,-3.9576335536925327,-14.570718230896404,-8.161962261581165,-14.90854214023937,-8.012230642738722,0.15357863471250643,80.56643891997457,43.08733565360356,29.944187216289162,32.82307397710434,26.24004316977591,14.082207466889017,11.058815304976642,13.646045358693021,12.707940334144809,5.611367766853756,6.027191145858218,11.989233874017003,0.07995061345741761,-9.578737877076342,3.7883965044568035,0.8753475936595556,1.016802896712907,1.6280078055490774,0.9383495002518851,2.286064851814249,-1.1923988834036092,0.6473201322590076,-0.06918357981140302,0.07448177667699392,-0.30951593039884445,-0.0012127689662433806,28.298066165609264,23.746962015368823,12.94067738943839,17.232955008482655,11.574044182577287,7.397245813655983,6.787265627424952,7.50091453315702,6.241610758652074,5.534295298313219,4.58479452144275,7.412455689191668,0.02680055416513345,-4.125629738315675,-3.5983948816931006,-1.4789760423826337,-2.1987772986969945,0.2708358703978334,0.7084296703295759,-0.09849029716436002,0.35263348149919754,0.3929024637589903,0.4330231745892319,0.17364575045000247,0.640269727655715,-0.002242307085543871,20.778213609185983,21.384150805948437,12.917098497852095,12.833551195401851,8.427692662599968,6.494763964766632,7.77779568146108,6.891310194622093,6.022537617167728,7.263163257861997,6.157310705287754,7.495750179354416,0.01395346221348091,0,hombreConRuido.wav
1,-281.8951386239724,146.5170973012395,-13.21109172095553,14.611889822572941,-9.702448664645937,-3.6742684719769323,-10.315487454113413,-8.293070609276823,-13.34200505406157,1.6882322261652498,-6.267290463963277,-5.748701551836535,0.1129744789749384,98.7455045593573,31.31977214036591,33.23114799726834,31.835537113511357,28.315584102956148,17.932638887850448,14.874328026750643,12.096654385958207,8.155380657101658,15.554035009686423,7.036064751659861,9.808250144346605,0.05265368227189521,-1.9219956398427342,-2.6994666912623053,-2.1444478944870435,-0.9371097518569607,1.1337553830842249,2.2826262039539134,1.5098334513483653,1.5487462060542285,1.1291516945239681,0.3621947560407674,0.35912839032566196,0.46875821069404866,-0.0012571262195706367,33.341055262150206,13.365796243370333,10.796237114172246,11.263090358058179,13.171554630177631,6.984336326982006,6.6845439509119675,4.6397987756024115,5.299847568921502,6.535954523725836,3.7959835302228986,5.415183258095954,0.01498047816753586,-1.706405753829734,-1.8443625441855926,-0.07368127919700485,0.5734980657334549,0.4878032210164689,0.055395195249005075,-0.3025535441271136,0.37278781436899416,0.24535982960834501,-0.1985094473161102,-0.10063625363896903,0.35422053148048,-0.0009012642599966215,26.915887271540925,14.008140655329864,9.534677281576881,8.269762603128978,13.595353148621031,7.732444464987801,7.943691233744086,6.105770053295869,6.041989362281344,7.037382618433599,5.224767123280672,6.260671641931056,0.006780103822991469,1,hombreConRuido.wav
2,-272.189096831834,115.45039766578242,-16.161069755616708,38.60505691603572,-2.2820703407824374,6.610338754579353,-5.632313594771835,-2.0043301210882545,-36.200352445585196,-9.657997206351503,-13.013612951711412,-17.12282474665658,0.10392920618109844,67.67023579332698,20.86193584157722,24.152971177502973,14.450544536324674,14.299058835818617,11.491936410992459,15.812178288606926,6.869875191468626,9.440736777043956,8.705792047720829,11.762148807248696,13.032943019114574,0.04199607455671193,-13.044870701471472,3.9165950668442964,2.4814765642422714,-3.0508365101918535,-2.3137384350441628,2.3422843558299116,2.7380386518163586,-0.7145563567018944,1.0454363840212002,-1.1728206020041125,1.1315009280830555,0.10201857539836934,-0.005762213142588735,11.267166948658891,19.198176564198363,10.801272443763468,5.858040781173459,5.525672650016699,4.685597587721822,4.569323210991587,4.793668733762276,4.356867746414364,3.691713337974881,6.544753018194005,7.73905744876586,0.012448285016461747,-1.5878982714136385,-4.1773442471943705,0.5015758057872394,0.7080617280315515,-0.4619025620405497,0.39678866739670937,0.14610809788980023,0.2907224567574099,0.6163366276985284,0.29851672728941403,0.4884569254885742,0.9595071828820682,-0.0013854467620452245,14.688822575877227,20.642943083568063,13.399003599221382,7.656469504760555,7.0244935950853185,5.440008573369886,6.3059346885796685,5.134191672502182,4.3505060084264,5.2922347040662645,8.041741113213861,7.025279949126891,0.008620349667008045,2,hombreConRuido.wav
3,-266.73740464855615,119.88342391042755,-4.746100693207798,63.695648384347145,-3.8826180331531024,-4.307928567303317,-7.20705421749924,-5.907960889478993,-16.24106719289414,-7.646149030335638,-12.69945724407117,-12.429970522207398,0.0921577923775961,70.4558683083595,45.531139733975,36.20260868220078,29.388821092006367,10.390514932234801,21.719596474626083,11.306199913444079,5.742404398983751,11.786907907780382,6.990834045065096,4.888815733847446,4.4509141383144675,0.03562669858398737,1.022201827813717,0.1930745723611724,-0.7446582403346307,0.9318164795799306,1.6592323330753316,1.3204539367743695,1.075214462632923,0.06986426163156606,0.08701335961926265,0.03589198563579809,-0.37847882522297754,0.21070814640357374,-0.0010560014811546905,28.915833215553867,20.779411333698015,14.85387554135501,9.756428135685276,6.420510594971235,11.083459415478623,5.891205956659108,5.289549995445727,5.819537551967457,5.240994847015027,3.9418737122383867,4.786413626482176,0.014266127900422268,-4.724950427247708,-4.467506349072871,-1.3336659729544222,-0.03464508550579446,-0.16675041356104875,0.26311786339984233,-0.1085106707439651,-0.11193612383017419,0.15628255772266944,0.11040786800099375,0.5138614583171045,0.961117230221597,0.00039693179794333196,18.102384108526508,17.373206742733007,14.58157084905248,7.6090579743350375,8.018400797314893,9.62312472452787,6.12435272787636,7.277620259059173,6.082090265713207,7.102020490458923,4.604451629586977,6.088492812472018,0.011662937830455015,3,hombreConRuido.wav
4,-277.4783442139491,148.58268012981398,6.1233315961363575,16.440960106228527,-41.407580897337226,-23.995312577616808,-6.01289687148976,7.382513250235017,-10.175529978387837,-6.36484207458063,-16.980496513337442,-5.69906124112526,0.12224353069350832,72.19054142900244,31.838537551095467,19.170439017896932,13.842272095629095,25.466970446740742,21.346589678564253,15.330698526816285,8.90402952091453,11.393894801803716,8.990327330042893,6.288614773935136,6.213946106357057,0.066420893282576,-4.760690081534631,-0.1779764172341629,1.9152878235510797,2.0267439525914446,-0.211135379626248,1.3235690857427724,1.368773482358156,0.8987421104833014,1.5275007808769057,-0.3034304480712884,-0.5064410556234934,0.2184947959977908,-0.0003454195335507393,21.840663980452064,21.220437712981223,15.052168075243074,5.693559587294832,11.992662708840788,9.172297583732414,8.495795656509872,4.9286394487679335,5.226399799122195,4.542004718888329,3.7296777858556083,4.329111020655831,0.022114219584272968,-3.005168025446156,-3.2982418024362725,-1.621983722069173,-0.2694742788618315,1.3605619369497766,1.7766707291914745,1.5631756861944404,0.0037151112481169355,-0.21734521855507102,0.5616769219421537,0.6148937748964172,0.4216420205234469,-0.0026804175423948387,14.614707275836466,16.19060126031308,14.064847442137363,6.506660093742274,7.976979431008241,5.325458303526211,7.8324088329884045,6.646101383194296,6.594321870353107,4.712170220828519,3.4779522432251757,4.482646215530505,0.007738820576629051,4,hombreConRuido.wav
5,-223.77274192108962,121.28726910667346,-39.188737807231604,15.047721624690663,-25.674050110442835,1.5707558842967013,-15.981322798452918,-2.4624617873722388,-9.80190240286755,4.846088224112729,-4.764331233269711,-6.174533883336703,0.12880328595638274,102.58246919222535,25.372508427627707,33.20300360581782,22.940581018591327,24.396877912765905,16.952233016526694,14.75445869347944,9.588322698871213,6.8603698906268615,7.428988132954889,8.242041519657047,6.201087652307105,0.06617373112140561,-7.096374274602364,-4.955359721731714,-0.18165057180732055,0.9768077837707454,2.671809957146005,2.5111470257975936,-0.025767741920111827,-0.021443389392095863,0.008961225885025945,0.8136158947409249,0.7144342495221013,0.6794511677353058,-0.0057892631739377975,31.619080600790962,13.693441944771083,14.74586429338925,10.703373066159294,7.831233666368706,8.480440828259624,6.596149267701939,6.457393200904738,5.881390164992496,4.557765043959018,7.1465560554312395,5.971364514362748,0.01588594976026592,-5.159308518735732,-0.23172155181798676,1.9543699789688607,0.01683852588071271,0.5298416363779658,-0.4726411708211374,-0.13373862795789102,-0.20649588245833891,0.2698892446435577,0.036036842714832616,-0.1461174778524671,-0.020958949169139193,-0.001533842542105251,18.549756285285174,14.088787793905764,11.420222200241827,10.144905210322424,8.841581754327317,9.573062528787345,5.95489076537629,7.807695203469167,7.2638198348526455,5.106317534569066,8.76536166018808,6.237614031639345,0.00846724290324716,5,hombreConRuido.wav
6,-263.18302970222635,77.86620865056653,-3.986403035403778,73.1692912261073,1.173460715858858,-8.614484443505528,-16.12723726297489,-1.083224830374198,-26.303407815827487,-13.68083096514346,-14.553023013631977,-12.185075255488725,0.08962494564744142,79.40084862023495,18.854303256420174,27.82319873134546,20.75615654087501,12.38406221848538,11.780540462276486,4.409000151208478,7.7973883194889595,7.733083871665025,5.548788237616329,5.896929688714784,4.097139336745769,0.03798962414360212,-13.363599086213057,2.805624244743013,1.7069082481056723,5.281660838109858,-2.6749846219782625,-0.026241769283177636,1.2524667844123354,-2.2988293722916566,1.0594779022471401,-0.3034934158374041,0.9697071717502346,-1.2582171946861544,-0.00500187324360013,43.92364912554472,19.924520964881545,18.336389451981255,11.65638391624339,8.21067826762058,9.202754460609826,4.354678404877572,4.34812972354957,5.729063281389722,4.1342234598552725,4.828201548293433,3.408246463828308,0.016735509045034288,-8.50557715190235,-4.084881455493791,3.364954616084073,-3.2140238337240077,-1.4762902591814488,1.2110346897560966,1.2792701515807914,-0.755649277564342,0.229920545815562,0.624394829611035,1.5264749908402033,0.8894308759827125,-0.0029215291142463684,38.04197331550634,20.209590969345673,14.349057382472374,7.441063674498006,8.302779912151614,10.429249632143764,6.579953669313345,2.8520684665188876,7.956055834242386,3.7865114184311053,5.745493977160254,4.178612696941807,0.007664945365338469,6,hombreConRuido.wav
7,-209.63977836961786,125.86024123048324,-42.678476360318115,19.497942885756338,-14.94577448784671,3.701738883434809,-22.18503976783679,-13.602328616927034,-3.6061943449750578,13.163203984678884,-11.535507751430275,-2.08928646677854,0.11971022440120578,83.84546309764141,30.365576093815626,38.25271337054452,21.89444900402709,17.490885694068215,11.434095610811443,11.850445428010515,15.442657302451511,13.366009279229702,10.18408205036891,7.704829341872447,9.48051869697382,0.047483730469237845,-7.091482077501735,1.4227136539174605,-1.275843426921176,4.314035179362523,0.25077615050710883,1.6369894137568968,1.6864831586705276,0.5184721251176748,0.8999059964380534,-0.03579189559911848,0.5396262740012656,-0.6972066412908378,-0.0021891310614974876,41.7249944730409,25.88361461540931,18.66496784444194,9.06536899048901,9.35416249698503,6.3296249059489895,6.848435891114151,9.550750123374065,9.956724453971772,6.240003197218922,4.817390882391235,6.076532864494732,0.021041397392981522,-9.418817776328977,-6.62585969419855,0.9404339925515666,1.307242892643915,1.95878433238477,-0.4301691931851328,0.22678780003064544,2.4297269150773286,0.3477335799697597,-0.15335796748320618,0.4002151836885389,-0.6820588933610624,-0.002948845529721843,30.448121498553217,22.32265678189256,16.123915525381207,12.140936111281697,8.486080905060794,6.348591692285425,7.787078634442505,9.937731689846595,8.89886503704775,5.830993410472894,5.794109154122558,7.280959755695142,0.011303417475270007,7,hombreConRuido.wav
8,-200.14197939923042,116.25092258585666,-43.88718960283251,33.411576107581965,-18.451866224964913,-10.212256052745078,-26.647707773947158,0.9143324467273483,6.389344866782163,-2.3374966584038943,-13.447134208711603,2.439510431619232,0.14490805807359078,76.55259646873671,21.753902656942927,22.532691342709075,20.09074443983468,15.342263903933576,13.710334291245942,19.44222197589277,8.010069394517137,11.594207083353641,16.774276883578864,3.715171095223727,6.906716911514872,0.07368796490864221,-6.108053265514766,-1.2684265358529512,3.408732416383323,0.49049082978359815,1.9484784882338526,1.8406804041812115,3.108396599495042,2.4814836479800118,0.19933879453558023,-0.14312727178111428,-0.12068471484879545,-0.5458968050038843,-0.008432012749835849,38.33611734770838,12.434217565841426,8.686103928630915,10.52391333672627,4.645775340628187,7.601631993247857,5.798455274797852,4.4438997139823515,6.974008305573223,7.9379655618452265,3.6821472038628453,4.046265032619895,0.01958268733731195,-7.441116559532284,-0.40870366099122746,1.0007852908113446,-0.07947647160410583,1.0221262255097194,-0.930591340491746,0.032370366704708074,0.32640464348164194,0.685637393556875,0.5635193132144685,0.6431584997098905,-0.41163839424142484,-0.0014877684414386749,34.333012567537615,12.487930278609777,8.153185644169897,9.694450210653319,5.618351870516688,7.502079760356962,6.73741372669621,3.837946730929467,6.978848500642692,5.195285911328605,5.214329676568551,4.083629457143675,0.011084006566414707,8,hombreConRuido.wav
9,-227.0363699125857,118.30744701997307,-36.40134855970772,32.914587520057644,-13.127606532181684,3.856481182315011,-11.418205542850226,1.9409648395290222,-9.476495293443291,4.398999341363108,-7.7634349638579465,-10.69911069030701,0.10903997891224347,87.96433187152384,19.168936753970907,34.321192342688114,19.195195376760978,22.035622134975203,13.629830917804894,10.638019648009873,11.245710730496386,11.802966550477947,7.385184037885539,5.571490897842512,10.022871546148243,0.05657610538071215,-0.9077317175317102,-0.49835081847509743,-0.6379138172480405,-0.5964919920148486,0.1802755148426337,0.6980841117291267,1.1452260872636062,0.7165732815099609,0.8917699954857028,1.0330818213264166,0.05685629251193554,0.7511295102832899,-0.0014865777641534805,33.49462492166766,13.749740719095984,12.422688420672424,10.332668030146284,10.443859588476471,8.728969816639491,7.625581617146005,5.912694953418136,6.458949150971592,4.576099417776635,4.998240136818182,6.158082481811406,0.01482532947509342,-2.936312069439635,-0.5259748812589606,0.8294832803514905,-0.0026571142029814996,0.5288146211450364,0.74924665868946,0.4778455776930586,0.045903913111349816,0.1591132591111791,0.026381146497213976,0.011909657728682873,-0.5137300186628776,-0.0007019210606813431,26.63828465480098,16.54421672362087,7.711993562084281,10.853840962446133,10.967702809382569,7.63268608725958,7.4851746654867615,6.362460272275271,6.764822736705118,5.750627072072561,6.313341598941989,6.651222672556503,0.007314640985395899,9,hombreConRuido.wav
10,-269.58668706888,125.57221126388743,-17.246633235845678,32.585643771193965,-18.673401905353007,-8.643346779445244,-1.1680313964995055,-4.516262293278744,-21.017073215011784,-6.741143299299425,-10.832446174409787,-7.529429892227442,0.1119016416903053,56.876080433421905,34.76486112411005,23.77369718543897,29.378218726616844,23.111426089853943,15.930493078167952,10.664406306016623,10.19634387918593,13.859177113458323,5.803500125758026,10.9430282438554,14.661460325705352,0.041494555125463024,-8.368512261434123,0.37926491666900974,-3.160263422753224,-1.0726008530797968,-0.32738708989483667,2.1581887877764663,1.2055342627492063,-0.3732983952754018,1.0710411532796207,0.7264056277164194,1.4323240119531566,0.40958086534699556,-0.0032646664418280124,17.537601272432994,15.715226673696804,14.223349573641466,13.65246123840164,11.54222455609835,9.589005133574117,7.183136294526855,5.147945193426163,7.333638584865591,5.710508463412894,6.540008028521679,7.063175608857649,0.013311498544302067,-0.43490216006197097,-1.9455707037151424,-0.28462023817229276,-0.8948563829991251,0.5547406569436367,0.8265953963957684,-0.2540313800088968,-0.37170582294372306,0.10523327138591906,0.5521871272237707,0.6182427255044454,0.45084956382887215,-0.0006881957187464362,18.164925395434153,14.045493933139031,15.96239234131624,11.772287015120053,9.308411549780894,10.285713504690161,6.525941489380142,5.529033629315368,8.81794138018712,7.057717216808902,5.4746674552558305,6.462782291126209,0.0071649336954802915,0,hombreConRuido.wav
11,-275.0435659242929,143.2717299073777,-21.809438730989648,24.913701924868693,-16.26162637361262,-3.55579997494532,-4.853376364642528,-9.794977679155682,-12.851213686691118,0.5085506303230746,-4.453356266358775,-3.5634324493314122,0.11389220405656558,84.21780958037719,27.43068285080068,40.18756235686825,22.29431971812471,34.61001295576554,15.575502501451043,16.466354772440024,8.001367399598356,10.635669880809132,13.47272464314897,6.203635744773992,10.429418358011885,0.05414582974771337,-2.5690658819237275,-4.212879751393844,-3.3699747179421435,-0.43889857156670403,1.9360322169319346,1.4617613478337939,0.7745440934851342,0.850174017123201,1.0410542006540517,0.1425821807186103,-0.42606304973108095,0.5374221871936097,-0.0018391425907611848,27.781840223152535,12.577451520903981,14.967706104684842,9.476112397851583,11.535138263839016,7.072935579689206,7.685705226360414,5.8732193466814735,5.820263503311933,5.360906917110665,5.004277048630201,7.137403338820302,0.014149728320550909,-1.8605440325732137,-0.6721386459247919,0.6304025662331627,-0.017054331369331727,-0.1453608883291174,0.7686388693319932,0.9974775473607623,-0.10637576016774075,0.15991744467444877,-0.038471558843090205,0.2274898909812566,0.6365960889091498,-0.0006148386746644974,20.800159138672704,14.799544426136022,13.874729824934736,9.297562528724866,10.045185775583294,6.831608751613993,8.093709671329774,7.095352265811438,6.542548265637565,5.754236949696272,6.469039985234217,7.408864650727242,0.006425428666572208,1,hombreConRuido.wav
12,-283.3239152853357,122.67242946116579,-6.431021977614279,34.2504022163733,-4.604975125303724,8.35068152163673,2.5466311364495486,0.8405908853938338,-27.15637031740384,-5.197979161596422,-16.014075947326344,-14.596222427479063,0.10257620387710631,61.91995822035342,35.00184339951842,16.03510276505008,18.17993349922791,15.657013985086316,11.760213535112106,15.175958875955875,8.15810653487624,10.696642406761422,10.06833098094912,8.01811790297151,6.821478054596261,0.044703144842822964,-13.362908849993023,5.504226251167433,2.461254328944498,-2.783675019024981,1.8426600533418542,2.206116761311084,2.6180504847187005,-0.07076222139701158,0.645491486305532,-0.43638538584648656,0.8460355720570999,0.11170525370632861,-0.0005336622397104899,15.71355077050606,20.075193672407906,8.844188614774032,5.134822851351231,8.931007648807213,9.022409319456056,5.552862670710339,7.1055250643401715,5.969880363903557,6.064204627428922,4.717081272332279,6.031693938931253,0.01975253263277505,-1.2572610146374399,-3.5269527976115325,-0.9857294536534535,0.12044051664377571,0.6835439484203726,0.7113327661292997,0.07933280381443726,0.5586544378188268,1.1901997956165782,1.0000136635928978,0.2236418100005724,0.40938187017312,-0.0035061296075582504,18.56633333580559,15.95065539030252,10.806253921105986,5.541960151040923,6.931502828017574,11.160874079306836,5.7406773865646885,9.129072326270435,6.415454428673664,5.9895574050541365,4.919103486797121,6.480121502199751,0.006625525177425227,2,hombreConRuido.wav
13,-257.38159290296045,135.93457681928845,-13.646307114901722,55.13447151841814,5.5627993622761,-12.059323269220252,-0.3658976073904617,-2.689601118782865,-14.692426983145532,-11.698120103284307,-13.030654594997483,-8.75863334284303,0.12714134138077499,71.4717151174506,47.89388535257401,25.6016340687203,31.61695269210578,10.07760571648518,15.692956902210975,16.184432647093082,6.2912925404441635,10.602772588262676,8.009236615347799,7.073114977912248,7.868415753895203,0.046478707378447164,-1.6974889798099453,-2.1379754922674543,-2.351534594151478,-1.3973036874841598,0.5129927110449726,0.8133047150945857,0.030760336574023335,0.28041119874376336,-0.20621393746803937,1.016544481773917,0.5242266459361271,-0.23433279725778497,-0.004051502990095239,36.35282929085804,21.628304200327264,13.652278162527695,14.893650537731757,5.9935878982208175,9.227130765134952,8.133519132563485,5.965852913309348,6.457790922117507,5.697926137096113,5.209351906985932,4.855804302051056,0.01782897627836671,-7.863531757880221,-4.5113946213622675,1.1884246523844826,2.231130845364009,-0.018888051431424913,-0.21895627710166388,1.1354476976260326,0.9665841466816194,0.462449340225707,-0.17693140524467552,0.28047348553391116,0.5575739823987501,-0.002215408409635226,20.495706907212845,17.06733516822038,12.059754747299975,12.525947456114771,6.508269132479896,9.74965208896016,7.0825175724699605,7.937905406094135,7.285704965166069,5.830452886645443,5.821746216711169,5.378974116227216,0.017382416121470855,3,hombreConRuido.wav
14,-243.63289296946286,141.476794147538,-11.99880963964334,-1.969504273828436,-33.715694359987715,-15.045011962534725,-8.126909914183464,7.189847408051179,-3.10251318900914,-2.262255555948115,-18.87134784961635,-1.7170453484820942,0.15716171246021987,97.79038089029396,21.076632590268584,23.180985320991685,14.109659059515037,23.75979805814654,13.869127054741455,7.434313057282525,11.874457600618689,13.623386144899355,7.486098071249444,7.098825747198631,8.241393405448528,0.09497507075412787,-6.656477069405657,-0.6000689277153795,2.0019445398140157,0.03173039018647809,1.1304666907779508,1.0392411443930036,-0.3166723152928163,1.9897959671850907,1.9942840724434034,-0.488298848824462,0.08866303259504414,0.035667645152185734,-0.0007073245942592621,30.44948794303105,19.16291990089378,11.09435152434025,10.314140743341929,14.540453242784059,7.730194029616044,6.004840355971037,7.633823027724793,5.862817935491875,4.86667863583394,5.5569115011009105,5.29178528552823,0.03618107788721043,-2.0254442848814938,-4.361893966738846,-1.282538916048534,2.0347477850536024,2.0814599563738816,1.8424397330929208,0.3155155592482231,0.300168762953023,0.10743943149841526,0.20474586640284997,0.6317110923026656,0.40422453784598045,-0.00472739256090588,16.778910573271812,18.42673250011662,11.220111674197154,10.687499956295106,14.47410180063602,8.22035867237478,7.484025957430051,7.539475206499067,6.526492912107949,6.03005147661693,5.55633023247582,5.238462674120616,0.011683088338980392,4,hombreConRuido.wav
15,-214.51991814476028,132.26525261158343,-30.263649292852403,20.648628110165,-21.0128891007262,-6.400850438721382,-9.625337651627976,-2.9161452698509853,-6.874285589645702,1.265421585337728,-5.076882407684717,-8.24623608448579,0.14010918237978504,109.60550101810358,25.4355030964964,38.58550580535508,29.526640544070716,31.1163948675636,12.428383886474444,14.298553693460022,11.061987927702203,8.708922987417656,11.460670429447275,6.232056365837434,9.20848588299753,0.07777661765854477,-4.150343437568534,0.7774564225424229,1.162958914572188,2.2952000578061944,2.318602307951148,0.697752876390427,0.2267859104340097,-0.9444589311641689,1.5497093955145922,0.6236797692644073,-0.9891822052719366,-0.11776629587788454,-0.002339669968932867,35.78459765482859,21.818436604900423,14.948270152223929,10.900234497190167,10.101473362016227,8.487617786655507,7.700391513616632,4.370493096843255,4.09036617237788,7.0970130994338385,4.186648727237769,6.381476866741511,0.025875816711078147,-5.986339130614797,-4.056807104670981,-0.02710727364653153,-0.12559140639064345,2.0710386914102594,1.5397354888656551,-1.036722778817655,-0.29294357357637574,0.5477020535161138,-0.3235728241348639,0.40161257549855695,0.2528203916858271,-0.002762014242379289,15.183243539704941,22.13711606459634,13.598998182842099,9.360247636552593,8.72156575141937,8.511826589149244,7.386512697449143,4.136868630488541,4.337040652438863,6.540492564471548,5.416415522932754,6.245086164871758,0.01188601844651175,5,hombreConRuido.wav
16,-244.4342139600218,89.7984004018662,-3.712617154066716,62.265596028291725,0.7045357555497039,-19.160049688164225,-8.880656973355034,1.076286992124728,-27.126210247265167,-8.831995123210026,-13.505837673810815,-7.277171766228957,0.09813455135251085,63.87989435183162,22.016256696595732,19.52450790610348,23.110578806572015,12.831646209569815,10.76888913229294,5.986090643692768,5.086749479188266,6.955448825449202,4.540520147413577,9.676252227443497,5.015761602053396,0.03445383539639838,-12.270681628762231,6.720604461102551,-1.6538600221294792,4.007309548305802,1.0052918348324793,0.495084623485384,1.400590122904088,0.7985178299828999,1.5053832253650758,0.4466483542853586,1.6525143001597817,0.015279461120495406,-0.0035943908786231823,42.03170631556474,20.596973967807408,14.305491913751354,12.931818006602944,8.4346775678512,10.174537641694826,2.5346491440908046,3.6300683783925054,6.411059146563393,3.790727907204051,4.906773125743649,5.813220905053479,0.01797503398145753,-11.919602910870173,-5.206159332483713,1.4196831165747057,-4.418713734857386,0.9870334189755621,4.241383175854509,-0.18359880599583037,-0.15783002341604008,2.6578460835533746,0.04722082950147346,-1.1063242133763327,2.1757942042824743,-0.004182746820151806,38.37656312497162,17.957585460149048,15.235048811283578,7.973363779886935,7.532915502103559,8.570013337194231,4.074151035904813,3.7733786026418694,5.48304686143567,4.540846646642631,4.785812934670378,5.654126163167095,0.005724559446437892,6,hombreConRuido.wav
17,-220.43127828356265,123.44244447022406,-37.2743607553979,16.80185284686977,1.683592049881558,-2.672172244087664,-18.293434796570722,-16.140617746145082,-5.320578971014684,3.412943396921811,-9.894297846697828,-0.17790275992741703,0.15490381063326544,98.9329175000408,31.408041453425806,35.72437969469515,20.44628996483742,18.55725067723631,11.432813877096896,17.63513146620027,12.43012740005716,7.8959070350895235,10.010601754194944,8.714460081646372,11.97373604528315,0.08575684703657124,-4.3737105410416,2.917061823345524,-1.2136556535992418,2.181430289323956,0.19127686910556083,0.9138186277763879,0.304899240652536,-0.19493389367575362,1.2705634413631584,-0.1927754033913544,0.3868320943889723,0.4130534805991928,-0.0021313950419425964,33.78709218731654,23.916621134441257,17.228135204004435,8.916231673713302,6.938298422099911,6.746967039519024,10.328360894225773,8.145164929123961,6.2734213673658115,5.789247102837189,4.460215548344048,7.227847658628649,0.030436190594650123,-3.684399822511339,-3.442317759935856,0.3050766523877322,-0.9969596229456285,-0.4442502481427469,0.23825109467966127,0.5106341943092665,1.0802976872400443,0.36045775701796756,-0.17360199393007664,-0.26169950097149686,0.23228877784723923,-0.003548775577828998,24.876677120602185,21.475083093844237,17.079276399514153,10.434039539097052,6.80585543964046,7.846611064417639,10.70478061274997,8.139223313651199,6.934759780107817,7.002782384095723,5.304920442738303,6.296986150049265,0.015175617773580887,7,hombreConRuido.wav
18,-205.4669607897961,124.21230345604084,-53.69000174290833,33.58293637064137,-20.40683666230521,-2.1493955969082936,-24.676102228646027,-2.6213886589065236,-0.30509998051559917,0.751141356783156,-6.556888328163889,-6.4508057595793415,0.1112230122089386,82.6809809587995,18.36313412220115,29.969648975543052,26.618508075049977,21.046226122465956,13.453753603165847,9.432163951388581,5.775366938349599,9.329157483733656,20.809802676458705,6.452892922997534,9.283015704749578,0.03730319384481495,-9.018741918631495,-3.689842403328343,3.709414820457274,1.7711161581804626,3.2208103709384326,1.5067731349788545,0.9209175606472971,0.8327055707114639,-1.0824429337467574,-0.4549374345806142,-0.3855152017309326,-0.7022771244246642,-0.0034166437884171805,45.52435029075656,9.50312996536533,14.2507955326686,10.513828983528352,6.376386505646168,8.43718485220785,5.294344252986315,4.381266408410284,6.979694927794107,10.321777609848125,4.549824643403789,5.486629845656419,0.016596918593804084,-8.232744523214256,-0.8083799349465478,0.86870176630024,-1.8550852591010742,-0.4090009795096779,-0.08805691994823585,0.8169193569924035,0.05014066516369934,0.24460668294078353,0.362644537107442,-0.5360515298582555,-0.3548241206712487,-0.002383099602801459,38.75062100661679,14.094242002327578,15.185281621781607,7.9170185533939,5.922513944172717,9.11182307263656,4.179313915010671,5.5271014439317705,8.315062812049547,8.967341928890624,4.166316965325974,4.229039944097723,0.009308462345197985,8,hombreConRuido.wav
19,-211.77323183570056,133.74525830761243,-48.117570925674784,21.085986602169193,-8.834551485858618,7.88600940267139,-6.768405562350089,-2.9013310868760662,-8.454095058144604,1.0816864457447146,-3.819069203357053,-5.846551737455378,0.11824845499359071,97.82350136692126,29.33593216603798,31.47772745071255,26.556042013262978,21.85032505991314,14.54143616296773,12.408726704915251,9.980254772228456,16.201740666721285,10.508365848727864,4.437679208590227,6.9858710479804165,0.0698483555661572,-1.162572934097358,-0.2544471342139505,-0.6627222801827024,-1.373698428953428,-0.8881461590324425,0.3750384023756175,-1.074836687451125,0.36779468254490943,1.7588573198131852,0.5643655351549516,-0.09550324553680806,-0.2781965575282662,-0.0013396473520475886,36.63416484069128,17.467384218254466,13.187706089464207,13.128265452667133,11.055796470653714,9.520520852235498,7.9683055796027515,4.392748826496741,6.796255844086757,5.579983309796479,4.918227005559533,6.5489191531071045,0.02041334127793506,-3.888088888578768,-0.81031960267768,1.6759266240712287,-0.21859683582128905,0.3822431322148118,1.048841994183868,0.7239600585724534,0.12163138983972469,0.45197700432091054,0.41474596968947447,0.11913185633753227,0.3375574159771477,-0.0008435571904886853,29.06704274714877,20.360585675376544,8.738956621117136,10.70584042376413,12.06948636961606,10.132542708218454,9.22450282762,4.9190724892548285,7.109868314286202,5.983559275459047,6.794974276646656,7.203108617494312,0.011611696804601598,9,hombreConRuido.wav
